CORR_TIER1,P_VALUE_TIER1,CORR_TIER2,P_VALUE_TIER2,CORR_TIER3,P_VALUE_TIER3
0.8370876362301659,0.009531706452756966,0.7062180530909477,0.00011502938058039744,0.5536999616580895,0.026066233943797562
