CORR_TIER1,P_VALUE_TIER1,CORR_TIER2,P_VALUE_TIER2,CORR_TIER3,P_VALUE_TIER3
0.6044280854880887,0.11246745666458469,0.7657390553660636,1.2959891575692153e-05,0.6361536403954561,0.00806925178733339
