CORR_TIER1,P_VALUE_TIER1,CORR_TIER2,P_VALUE_TIER2,CORR_TIER3,P_VALUE_TIER3
0.649129495696779,0.08156576589627514,0.7881688237977328,4.798456545964133e-06,0.47208106863731797,0.06484980753015002
