CORR_TIER1,P_VALUE_TIER1,CORR_TIER2,P_VALUE_TIER2,CORR_TIER3,P_VALUE_TIER3
0.8812020824810355,0.003826890810175592,0.6946071593737921,0.00016577801626958211,0.5840272006138449,0.017527310887263725
