CORR_TIER1,P_VALUE_TIER1,CORR_TIER2,P_VALUE_TIER2,CORR_TIER3,P_VALUE_TIER3
0.18217790120429278,0.6658990142867669,0.5483931391008594,0.005526695891103873,0.38300549534141176,0.14311919110298427
