CORR_TIER1,P_VALUE_TIER1,CORR_TIER2,P_VALUE_TIER2,CORR_TIER3,P_VALUE_TIER3
0.7174586846867795,0.045114177370986344,0.6415654716483027,0.0007275703145881106,0.6925328001234584,0.0029448570176019186
