CORR_TIER1,P_VALUE_TIER1,CORR_TIER2,P_VALUE_TIER2,CORR_TIER3,P_VALUE_TIER3
0.2758666101173088,0.508393602159648,0.6470890797455036,0.0006318395934886555,0.2372027184914215,0.37639012385894166
