CORR_TIER1,P_VALUE_TIER1,CORR_TIER2,P_VALUE_TIER2,CORR_TIER3,P_VALUE_TIER3
0.8248072586572495,0.01173834028858398,0.5149676510653562,0.010022651569096146,0.6212366188292167,0.010211166754330103
