CORR_TIER1,P_VALUE_TIER1,CORR_TIER2,P_VALUE_TIER2,CORR_TIER3,P_VALUE_TIER3
0.4703485092526322,0.23953183402938588,0.4459743939386095,0.028939758000272577,0.7217173675696145,0.0015977223799988338
