CORR_TIER1,P_VALUE_TIER1,CORR_TIER2,P_VALUE_TIER2,CORR_TIER3,P_VALUE_TIER3
0.8377806668933112,0.009415765637239039,0.7179712967716343,7.805300536584241e-05,0.6917320779953007,0.002991795504946185
