CORR_TIER1,P_VALUE_TIER1,CORR_TIER2,P_VALUE_TIER2,CORR_TIER3,P_VALUE_TIER3
0.5937469145729978,0.12069869789314924,0.7620736896536087,1.5089089020971486e-05,0.6633632444653045,0.0050876015171331095
