CORR_TIER1,P_VALUE_TIER1,CORR_TIER2,P_VALUE_TIER2,CORR_TIER3,P_VALUE_TIER3
0.6347279847005277,0.09089975157549005,0.5774637213421485,0.003128595203771351,0.7396707777568128,0.0010560121799424336
