CORR_TIER1,P_VALUE_TIER1,CORR_TIER2,P_VALUE_TIER2,CORR_TIER3,P_VALUE_TIER3
0.8474693517233529,0.007887838097803824,0.7467540111536985,2.7716091048783046e-05,0.5405734911189326,0.030621910075304314
