CORR_TIER1,P_VALUE_TIER1,CORR_TIER2,P_VALUE_TIER2,CORR_TIER3,P_VALUE_TIER3
0.8255257918454408,0.011601156543361588,0.5566902880371329,0.004722516531654191,0.6822946675337171,0.003591952337280972
