CORR_TIER1,P_VALUE_TIER1,CORR_TIER2,P_VALUE_TIER2,CORR_TIER3,P_VALUE_TIER3
0.5605392260808064,0.1483916269372172,0.6390312111998222,0.0007755179695361392,0.6211782907809411,0.010220341053939578
