CORR_TIER1,P_VALUE_TIER1,CORR_TIER2,P_VALUE_TIER2,CORR_TIER3,P_VALUE_TIER3
0.6438017258277718,0.08495044053203805,0.822217810057551,8.277028436259031e-07,0.7275526546248923,0.0014013367657231802
