CORR_TIER1,P_VALUE_TIER1,CORR_TIER2,P_VALUE_TIER2,CORR_TIER3,P_VALUE_TIER3
0.3844739329967978,0.3470022446835083,0.5947814121576978,0.0021732002244949414,0.68837784042757,0.003195031226586722
