CORR_TIER1,P_VALUE_TIER1,CORR_TIER2,P_VALUE_TIER2,CORR_TIER3,P_VALUE_TIER3
0.555719290194086,0.1526755312208689,0.7125633761025508,9.351715918837813e-05,0.4638073682246775,0.07035775524012913
