CORR_TIER1,P_VALUE_TIER1,CORR_TIER2,P_VALUE_TIER2,CORR_TIER3,P_VALUE_TIER3
0.2265496618271221,0.5895300958545084,0.6434520956777452,0.0006935561644207625,0.6031267311659272,0.013387992409880999
