CORR_TIER1,P_VALUE_TIER1,CORR_TIER2,P_VALUE_TIER2,CORR_TIER3,P_VALUE_TIER3
0.9512144231494244,0.00027976073771561775,0.714230559932078,8.848649494957669e-05,0.6564117293078542,0.005747788838075265
