CORR_TIER1,P_VALUE_TIER1,CORR_TIER2,P_VALUE_TIER2,CORR_TIER3,P_VALUE_TIER3
0.6088459967586269,0.10915888074739401,0.7155099258012253,8.478844853506203e-05,0.6079815591938169,0.012469359390558307
