CORR_TIER1,P_VALUE_TIER1,CORR_TIER2,P_VALUE_TIER2,CORR_TIER3,P_VALUE_TIER3
0.47999714044653596,0.22868802683924264,0.660139616660457,0.0004477102354939414,0.5535364127127359,0.02611959296828559
