CORR_TIER1,P_VALUE_TIER1,CORR_TIER2,P_VALUE_TIER2,CORR_TIER3,P_VALUE_TIER3
0.31996860117155995,0.43974914284118155,0.09318829242226191,0.664941401110133,0.6778168124770236,0.003908744973750608
