CORR_TIER1,P_VALUE_TIER1,CORR_TIER2,P_VALUE_TIER2,CORR_TIER3,P_VALUE_TIER3
0.41791586091439925,0.3028654083080049,0.5021353179824501,0.012406778352368532,0.7298387773048018,0.0013299806621041286
