CORR_TIER1,P_VALUE_TIER1,CORR_TIER2,P_VALUE_TIER2,CORR_TIER3,P_VALUE_TIER3
0.2176936263591576,0.6045368757947056,0.22858521614351407,0.28266206875075345,0.6138992640921327,0.011417294828365879
