CORR_TIER1,P_VALUE_TIER1,CORR_TIER2,P_VALUE_TIER2,CORR_TIER3,P_VALUE_TIER3
0.8254657413267625,0.011612582475292592,0.796152077895723,3.2734843482493585e-06,0.49478667239337876,0.051358550632680626
