CORR_TIER1,P_VALUE_TIER1,CORR_TIER2,P_VALUE_TIER2,CORR_TIER3,P_VALUE_TIER3
0.20600633645074395,0.6245272632515351,0.6194200240517946,0.0012477042861693923,0.23839400691817686,0.37392640666244736
