CORR_TIER1,P_VALUE_TIER1,CORR_TIER2,P_VALUE_TIER2,CORR_TIER3,P_VALUE_TIER3
0.5183369511032068,0.18816615969870001,0.7140688138965153,8.896394295057551e-05,0.8089203573066546,0.00014799069514987147
